{"cameraMode":{"drawMode":0,"name":"Shaded","section":"Shading Mode"},"sceneLighting":false,"audioPlay":false,"sceneViewState":{"m_AlwaysRefresh":false,"showFog":true,"showSkybox":false,"showFlares":true,"showImageEffects":true,"showParticleSystems":true,"showVisualEffectGraphs":true,"m_FxEnabled":true},"in2DMode":false,"pivot":{"x":-0.586781919002533,"y":1.2812464237213135,"z":-0.8018805980682373},"rotation":{"x":-0.009900258854031563,"y":0.9808873534202576,"z":-0.05184851959347725,"w":-0.18732140958309174},"size":3.102644443511963,"orthographic":false}