{"cameraMode":{"drawMode":0,"name":"Shaded","section":"Shading Mode"},"sceneLighting":false,"audioPlay":false,"sceneViewState":{"showFog":true,"showMaterialUpdate":false,"showSkybox":false,"showFlares":true,"showImageEffects":true,"showParticleSystems":true},"in2DMode":false,"pivot":{"x":1.8592455387115479,"y":-9.078856468200684,"z":-41.134552001953128},"rotation":{"x":0.04608992859721184,"y":0.2316112518310547,"z":-0.010984698310494423,"w":0.9716571569442749},"size":2.474884271621704,"orthographic":true}