{"cameraMode":{"drawMode":0,"name":"Shaded","section":"Shading Mode"},"sceneLighting":false,"audioPlay":false,"sceneViewState":{"showFog":true,"showMaterialUpdate":false,"showSkybox":false,"showFlares":true,"showImageEffects":true,"showParticleSystems":true},"in2DMode":false,"pivot":{"x":1.0304045677185059,"y":1.7276122570037842,"z":0.000010788440704345703},"rotation":{"x":-0.16976310312747956,"y":-0.06793981045484543,"z":-0.011732240207493306,"w":0.9830709099769592},"size":4.216686725616455,"orthographic":false}