{"cameraMode":{"drawMode":0,"name":"Shaded","section":"Shading Mode"},"sceneLighting":false,"audioPlay":false,"sceneViewState":{"showFog":true,"showMaterialUpdate":false,"showSkybox":false,"showFlares":true,"showImageEffects":true,"showParticleSystems":true},"in2DMode":false,"pivot":{"x":-12.617542266845704,"y":-5.62371826171875,"z":53.6553840637207},"rotation":{"x":0.24554650485515595,"y":0.4519506096839905,"z":-0.13093972206115724,"w":0.8475281000137329},"size":285.6924133300781,"orthographic":true}