{"cameraMode":{"drawMode":0,"name":"Shaded","section":"Shading Mode"},"sceneLighting":false,"audioPlay":false,"sceneViewState":{"showFog":true,"showMaterialUpdate":false,"showSkybox":false,"showFlares":true,"showImageEffects":true,"showParticleSystems":true},"in2DMode":false,"pivot":{"x":-3.5359115600585939,"y":-30.305465698242189,"z":25.68597412109375},"rotation":{"x":0.24554650485515595,"y":0.4519506096839905,"z":-0.13093972206115724,"w":0.8475281000137329},"size":293.4902648925781,"orthographic":true}