{"cameraMode":{"drawMode":0,"name":"Shaded","section":"Shading Mode"},"sceneLighting":true,"audioPlay":false,"sceneViewState":{"showFog":true,"showMaterialUpdate":false,"showSkybox":true,"showFlares":true,"showImageEffects":true,"showParticleSystems":true},"in2DMode":false,"pivot":{"x":-0.5960841178894043,"y":-8.623198509216309,"z":25.767024993896486},"rotation":{"x":0.113735131919384,"y":-0.017882050946354867,"z":0.0020458067301660778,"w":0.9933517575263977},"size":31.058473587036134,"orthographic":false}